{
    "dog_skins" : [
        {
            "skin_name" : "Ashen Wolf",
            "skin_id" : "wolf_ashen",
            "use_model" : "default",
            "author" : "Mojang",
            "tags": "Snapshot 24w10a, Update 1.20.5 New Wolves"
        },
        {
            "skin_name" : "Ashen Wolf (Tame)",
            "skin_id" : "wolf_ashen_tame",
            "use_model" : "default",
            "author" : "Mojang",
            "tags": "Snapshot 24w10a, Update 1.20.5 New Wolves"
        },
        {
            "skin_name" : "Ashen Wolf (Angry)",
            "skin_id" : "wolf_ashen_angry",
            "use_model" : "default",
            "author" : "Mojang",
            "tags": "Snapshot 24w10a, Update 1.20.5 New Wolves"
        },

        {
            "skin_name" : "Black Wolf",
            "skin_id" : "wolf_black",
            "use_model" : "default",
            "author" : "Mojang",
            "tags": "Snapshot 24w10a, Update 1.20.5 New Wolves"
        },
        {
            "skin_name" : "Black Wolf (Tame)",
            "skin_id" : "wolf_black_tame",
            "use_model" : "default",
            "author" : "Mojang",
            "tags": "Snapshot 24w10a, Update 1.20.5 New Wolves"
        },
        {
            "skin_name" : "Black Wolf (Angry)",
            "skin_id" : "wolf_black_angry",
            "use_model" : "default",
            "author" : "Mojang",
            "tags": "Snapshot 24w10a, Update 1.20.5 New Wolves"
        },

        {
            "skin_name" : "Chestnut Wolf",
            "skin_id" : "wolf_chestnut",
            "use_model" : "default",
            "author" : "Mojang",
            "tags": "Snapshot 24w10a, Update 1.20.5 New Wolves"
        },
        {
            "skin_name" : "Chestnut Wolf (Tame)",
            "skin_id" : "wolf_chestnut_tame",
            "use_model" : "default",
            "author" : "Mojang",
            "tags": "Snapshot 24w10a, Update 1.20.5 New Wolves"
        },
        {
            "skin_name" : "Chestnut Wolf (Angry)",
            "skin_id" : "wolf_chestnut_angry",
            "use_model" : "default",
            "author" : "Mojang",
            "tags": "Snapshot 24w10a, Update 1.20.5 New Wolves"
        },

        {
            "skin_name" : "Rusty Wolf",
            "skin_id" : "wolf_rusty",
            "use_model" : "default",
            "author" : "Mojang",
            "tags": "Snapshot 24w10a, Update 1.20.5 New Wolves"
        },
        {
            "skin_name" : "Rusty Wolf (Tame)",
            "skin_id" : "wolf_rusty_tame",
            "use_model" : "default",
            "author" : "Mojang",
            "tags": "Snapshot 24w10a, Update 1.20.5 New Wolves"
        },
        {
            "skin_name" : "Rusty Wolf (Angry)",
            "skin_id" : "wolf_rusty_angry",
            "use_model" : "default",
            "author" : "Mojang",
            "tags": "Snapshot 24w10a, Update 1.20.5 New Wolves"
        },

        {
            "skin_name" : "Snowy Wolf",
            "skin_id" : "wolf_snowy",
            "use_model" : "default",
            "author" : "Mojang",
            "tags": "Snapshot 24w10a, Update 1.20.5 New Wolves"
        },
        {
            "skin_name" : "Snowy Wolf (Tame)",
            "skin_id" : "wolf_snowy_tame",
            "use_model" : "default",
            "author" : "Mojang",
            "tags": "Snapshot 24w10a, Update 1.20.5 New Wolves"
        },
        {
            "skin_name" : "Snowy Wolf (Angry)",
            "skin_id" : "wolf_snowy_angry",
            "use_model" : "default",
            "author" : "Mojang",
            "tags": "Snapshot 24w10a, Update 1.20.5 New Wolves"
        },

        {
            "skin_name" : "Spotted Wolf",
            "skin_id" : "wolf_spotted",
            "use_model" : "default",
            "author" : "Mojang",
            "tags": "Snapshot 24w10a, Update 1.20.5 New Wolves"
        },
        {
            "skin_name" : "Spotted Wolf (Tame)",
            "skin_id" : "wolf_spotted_tame",
            "use_model" : "default",
            "author" : "Mojang",
            "tags": "Snapshot 24w10a, Update 1.20.5 New Wolves"
        },
        {
            "skin_name" : "Spotted Wolf (Angry)",
            "skin_id" : "wolf_spotted_angry",
            "use_model" : "default",
            "author" : "Mojang",
            "tags": "Snapshot 24w10a, Update 1.20.5 New Wolves"
        },

        {
            "skin_name" : "Striped Wolf",
            "skin_id" : "wolf_striped",
            "use_model" : "default",
            "author" : "Mojang",
            "tags": "Snapshot 24w10a, Update 1.20.5 New Wolves"
        },
        {
            "skin_name" : "Striped Wolf (Tame)",
            "skin_id" : "wolf_striped_tame",
            "use_model" : "default",
            "author" : "Mojang",
            "tags": "Snapshot 24w10a, Update 1.20.5 New Wolves"
        },
        {
            "skin_name" : "Striped Wolf (Angry)",
            "skin_id" : "wolf_striped_angry",
            "use_model" : "default",
            "author" : "Mojang",
            "tags": "Snapshot 24w10a, Update 1.20.5 New Wolves"
        },

        {
            "skin_name" : "Woods Wolf",
            "skin_id" : "wolf_woods",
            "use_model" : "default",
            "author" : "Mojang",
            "tags": "Snapshot 24w10a, Update 1.20.5 New Wolves"
        },
        {
            "skin_name" : "Woods Wolf (Tame)",
            "skin_id" : "wolf_woods_tame",
            "use_model" : "default",
            "author" : "Mojang",
            "tags": "Snapshot 24w10a, Update 1.20.5 New Wolves"
        },
        {
            "skin_name" : "Woods Wolf (Angry)",
            "skin_id" : "wolf_woods_angry",
            "use_model" : "default",
            "author" : "Mojang",
            "tags": "Snapshot 24w10a, Update 1.20.5 New Wolves"
        },











        {
            "skin_name" : "Cherry Wolf",
            "skin_id" : "wolf_cherry",
            "use_model" : "default",
            "author" : "MashXP",
            "tags": "Palette of Paws, Overworld"
        },
        {
            "skin_name" : "Cherry Wolf (Wild)",
            "skin_id" : "wolf_cherry_wild",
            "use_model" : "default",
            "author" : "MashXP",
            "tags": "Palette of Paws, Overworld"
        },
        {
            "skin_name" : "Cherry Wolf (Angry)",
            "skin_id" : "wolf_cherry_angry",
            "use_model" : "default",
            "author" : "MashXP",
            "tags": "Palette of Paws, Overworld"
        },

        {
            "skin_name" : "Bamboo Wolf",
            "skin_id" : "wolf_bamboo",
            "use_model" : "default",
            "author" : "MashXP",
            "tags": "Palette of Paws, Overworld"
        },
        {
            "skin_name" : "Bamboo Wolf (Wild)",
            "skin_id" : "wolf_bamboo_wild",
            "use_model" : "default",
            "author" : "MashXP",
            "tags": "Palette of Paws, Overworld"
        },
        {
            "skin_name" : "Bamboo Wolf (Angry)",
            "skin_id" : "wolf_bamboo_angry",
            "use_model" : "default",
            "author" : "MashXP",
            "tags": "Palette of Paws, Overworld"
        },

        {
            "skin_name" : "Birch Wolf",
            "skin_id" : "wolf_birch",
            "use_model" : "default",
            "author" : "MashXP",
            "tags": "Palette of Paws, Overworld"
        },
        {
            "skin_name" : "Birch Wolf (Wild)",
            "skin_id" : "wolf_birch_wild",
            "use_model" : "default",
            "author" : "MashXP",
            "tags": "Palette of Paws, Overworld"
        },
        {
            "skin_name" : "Birch Wolf (Angry)",
            "skin_id" : "wolf_birch_angry",
            "use_model" : "default",
            "author" : "MashXP",
            "tags": "Palette of Paws, Overworld"
        },

        {
            "skin_name" : "Yuzu Wolf",
            "skin_id" : "wolf_yuzu",
            "use_model" : "default",
            "author" : "MashXP",
            "tags": "Palette of Paws, Overworld"
        },
        {
            "skin_name" : "Yuzu Wolf (Wild)",
            "skin_id" : "wolf_yuzu_wild",
            "use_model" : "default",
            "author" : "MashXP",
            "tags": "Palette of Paws, Overworld"
        },
        {
            "skin_name" : "Yuzu Wolf (Angry)",
            "skin_id" : "wolf_yuzu_angry",
            "use_model" : "default",
            "author" : "MashXP",
            "tags": "Palette of Paws, Overworld"
        },

        {
            "skin_name" : "Pistachio Wolf",
            "skin_id" : "wolf_pistachio",
            "use_model" : "default",
            "author" : "MashXP",
            "tags": "Palette of Paws, Overworld"
        },
        {
            "skin_name" : "Pistachio Wolf (Wild)",
            "skin_id" : "wolf_pistachio_wild",
            "use_model" : "default",
            "author" : "MashXP",
            "tags": "Palette of Paws, Overworld"
        },
        {
            "skin_name" : "Pistachio Wolf (Angry)",
            "skin_id" : "wolf_pistachio_angry",
            "use_model" : "default",
            "author" : "MashXP",
            "tags": "Palette of Paws, Overworld"
        },

        {
            "skin_name" : "Guacamole Wolf",
            "skin_id" : "wolf_guacamole",
            "use_model" : "default",
            "author" : "MashXP",
            "tags": "Palette of Paws, Overworld"
        },
        {
            "skin_name" : "Guacamole Wolf (Wild)",
            "skin_id" : "wolf_guacamole_wild",
            "use_model" : "default",
            "author" : "MashXP",
            "tags": "Palette of Paws, Overworld"
        },
        {
            "skin_name" : "Guacamole Wolf (Angry)",
            "skin_id" : "wolf_guacamole_angry",
            "use_model" : "default",
            "author" : "MashXP",
            "tags": "Palette of Paws, Overworld"
        },

        {
            "skin_name" : "Himalayan Salt Wolf",
            "skin_id" : "wolf_himalayan_salt",
            "use_model" : "default",
            "author" : "MashXP",
            "tags": "Palette of Paws, Overworld"
        },
        {
            "skin_name" : "Himalayan Salt Wolf (Wild)",
            "skin_id" : "wolf_himalayan_salt_wild",
            "use_model" : "default",
            "author" : "MashXP",
            "tags": "Palette of Paws, Overworld"
        },
        {
            "skin_name" : "Himalayan Salt Wolf (Angry)",
            "skin_id" : "wolf_himalayan_salt_angry",
            "use_model" : "default",
            "author" : "MashXP",
            "tags": "Palette of Paws, Overworld"
        },

        {
            "skin_name" : "Lemony Lime Wolf",
            "skin_id" : "wolf_lemony_lime",
            "use_model" : "default",
            "author" : "MashXP",
            "tags": "Palette of Paws, Overworld"
        },
        {
            "skin_name" : "Lemony Lime Wolf (Wild)",
            "skin_id" : "wolf_lemony_lime_wild",
            "use_model" : "default",
            "author" : "MashXP",
            "tags": "Palette of Paws, Overworld"
        },
        {
            "skin_name" : "Lemony Lime Wolf (Angry)",
            "skin_id" : "wolf_lemony_lime_angry",
            "use_model" : "default",
            "author" : "MashXP",
            "tags": "Palette of Paws, Overworld"
        },

        {
            "skin_name" : "Brown Mushroom Wolf",
            "skin_id" : "wolf_brown_mushroom",
            "use_model" : "default",
            "author" : "MashXP",
            "tags": "Palette of Paws, Overworld"
        },
        {
            "skin_name" : "Brown Mushroom Wolf (Wild)",
            "skin_id" : "wolf_brown_mushroom_wild",
            "use_model" : "default",
            "author" : "MashXP",
            "tags": "Palette of Paws, Overworld"
        },
        {
            "skin_name" : "Brown Mushroom Wolf (Angry)",
            "skin_id" : "wolf_brown_mushroom_angry",
            "use_model" : "default",
            "author" : "MashXP",
            "tags": "Palette of Paws, Overworld"
        },

        {
            "skin_name" : "Red Mushroom Wolf",
            "skin_id" : "wolf_red_mushroom",
            "use_model" : "default",
            "author" : "MashXP",
            "tags": "Palette of Paws, Overworld"
        },
        {
            "skin_name" : "Red Mushroom Wolf (Wild)",
            "skin_id" : "wolf_red_mushroom_wild",
            "use_model" : "default",
            "author" : "MashXP",
            "tags": "Palette of Paws, Overworld"
        },
        {
            "skin_name" : "Red Mushroom Wolf (Angry)",
            "skin_id" : "wolf_red_mushroom_angry",
            "use_model" : "default",
            "author" : "MashXP",
            "tags": "Palette of Paws, Overworld"
        },

        {
            "skin_name" : "Glowing Mushroom Wolf",
            "skin_id" : "wolf_glowing_mushroom",
            "use_model" : "default",
            "author" : "MashXP",
            "tags": "Palette of Paws, Overworld"
        },
        {
            "skin_name" : "Glowing Mushroom Wolf (Wild)",
            "skin_id" : "wolf_glowing_mushroom_wild",
            "use_model" : "default",
            "author" : "MashXP",
            "tags": "Palette of Paws, Overworld"
        },
        {
            "skin_name" : "Glowing Mushroom Wolf (Angry)",
            "skin_id" : "wolf_glowing_mushroom_angry",
            "use_model" : "default",
            "author" : "MashXP",
            "tags": "Palette of Paws, Overworld, Underground"
        },

        {
            "skin_name" : "Shitake Wolf",
            "skin_id" : "wolf_shitake",
            "use_model" : "default",
            "author" : "MashXP",
            "tags": "Palette of Paws, Overworld"
        },
        {
            "skin_name" : "Shitake Wolf (Wild)",
            "skin_id" : "wolf_shitake_wild",
            "use_model" : "default",
            "author" : "MashXP",
            "tags": "Palette of Paws, Overworld"
        },
        {
            "skin_name" : "Shitake Wolf (Angry)",
            "skin_id" : "wolf_shitake_angry",
            "use_model" : "default",
            "author" : "MashXP",
            "tags": "Palette of Paws, Overworld"
        },
        
        {
            "skin_name" : "Enoki Wolf",
            "skin_id" : "wolf_enoki",
            "use_model" : "default",
            "author" : "MashXP",
            "tags": "Palette of Paws, Overworld"
        },
        {
            "skin_name" : "Enoki Wolf (Wild)",
            "skin_id" : "wolf_enoki_wild",
            "use_model" : "default",
            "author" : "MashXP",
            "tags": "Palette of Paws, Overworld"
        },
        {
            "skin_name" : "Enoki Wolf (Angry)",
            "skin_id" : "wolf_enoki_angry",
            "use_model" : "default",
            "author" : "MashXP",
            "tags": "Palette of Paws, Overworld"
        },

        {
            "skin_name" : "Vanilla Wolf",
            "skin_id" : "wolf_vanilla",
            "use_model" : "default",
            "author" : "MashXP",
            "tags": "Palette of Paws, Overworld"
        },
        {
            "skin_name" : "Vanilla Wolf (Wild)",
            "skin_id" : "wolf_vanilla_wild",
            "use_model" : "default",
            "author" : "MashXP",
            "tags": "Palette of Paws, Overworld"
        },
        {
            "skin_name" : "Vanilla Wolf (Angry)",
            "skin_id" : "wolf_vanilla_angry",
            "use_model" : "default",
            "author" : "MashXP",
            "tags": "Palette of Paws, Overworld"
        },

        {
            "skin_name" : "Strawberry Wolf",
            "skin_id" : "wolf_strawberry",
            "use_model" : "default",
            "author" : "MashXP",
            "tags": "Palette of Paws, Overworld"
        },
        {
            "skin_name" : "Strawberry Wolf (Wild)",
            "skin_id" : "wolf_strawberry_wild",
            "use_model" : "default",
            "author" : "MashXP",
            "tags": "Palette of Paws, Overworld"
        },
        {
            "skin_name" : "Strawberry Wolf (Angry)",
            "skin_id" : "wolf_strawberry_angry",
            "use_model" : "default",
            "author" : "MashXP",
            "tags": "Palette of Paws, Overworld"
        },

        {
            "skin_name" : "Chocolate Wolf",
            "skin_id" : "wolf_chocolate",
            "use_model" : "default",
            "author" : "MashXP",
            "tags": "Palette of Paws, Overworld"
        },
        {
            "skin_name" : "Chocolate Wolf (Wild)",
            "skin_id" : "wolf_chocolate_wild",
            "use_model" : "default",
            "author" : "MashXP",
            "tags": "Palette of Paws, Overworld"
        },
        {
            "skin_name" : "Chocolate Wolf (Angry)",
            "skin_id" : "wolf_chocolate_angry",
            "use_model" : "default",
            "author" : "MashXP",
            "tags": "Palette of Paws, Overworld"
        },

        {
            "skin_name" : "Charcoal Wolf",
            "skin_id" : "wolf_charcoal",
            "use_model" : "default",
            "author" : "MashXP",
            "tags": "Palette of Paws, Overworld, Underground"
        },
        {
            "skin_name" : "Charcoal Wolf (Wild)",
            "skin_id" : "wolf_charcoal_wild",
            "use_model" : "default",
            "author" : "MashXP",
            "tags": "Palette of Paws, Overworld, Underground"
        },
        {
            "skin_name" : "Charcoal Wolf (Angry)",
            "skin_id" : "wolf_charcoal_angry",
            "use_model" : "default",
            "author" : "MashXP",
            "tags": "Palette of Paws, Overworld, Underground"
        },

        {
            "skin_name" : "Cappuccino Wolf",
            "skin_id" : "wolf_cappuccino",
            "use_model" : "default",
            "author" : "MashXP",
            "tags": "Palette of Paws, Overworld, Caffeine"
        },
        {
            "skin_name" : "Cappuccino Wolf (Wild)",
            "skin_id" : "wolf_cappuccino_wild",
            "use_model" : "default",
            "author" : "MashXP",
            "tags": "Palette of Paws, Overworld, Caffeine"
        },
        
        {
            "skin_name" : "Cappuccino Wolf (Angry)",
            "skin_id" : "wolf_cappuccino_angry",
            "use_model" : "default",
            "author" : "MashXP",
            "tags": "Palette of Paws, Overworld, Caffeine"
        },
        {
            "skin_name" : "Latte Wolf",
            "skin_id" : "wolf_latte",
            "use_model" : "default",
            "author" : "MashXP",
            "tags": "Palette of Paws, Overworld, Caffeine"
        },
        {
            "skin_name" : "Latte Wolf (Wild)",
            "skin_id" : "wolf_latte_wild",
            "use_model" : "default",
            "author" : "MashXP",
            "tags": "Palette of Paws, Overworld, Caffeine"
        },
        {
            "skin_name" : "Latte Wolf (Angry)",
            "skin_id" : "wolf_latte_angry",
            "use_model" : "default",
            "author" : "MashXP",
            "tags": "Palette of Paws, Overworld, Caffeine"
        },

        {
            "skin_name" : "Mocha Wolf",
            "skin_id" : "wolf_mocha",
            "use_model" : "default",
            "author" : "MashXP",
            "tags": "Palette of Paws, Overworld, Caffeine"
        },
        {
            "skin_name" : "Mocha Wolf (Wild)",
            "skin_id" : "wolf_mocha_wild",
            "use_model" : "default",
            "author" : "MashXP",
            "tags": "Palette of Paws, Overworld, Caffeine"
        },
        {
            "skin_name" : "Mocha Wolf (Angry)",
            "skin_id" : "wolf_mocha_angry",
            "use_model" : "default",
            "author" : "MashXP",
            "tags": "Palette of Paws, Overworld, Caffeine"
        },

        {
            "skin_name" : "Espresso Wolf",
            "skin_id" : "wolf_espresso",
            "use_model" : "default",
            "author" : "MashXP",
            "tags": "Palette of Paws, Overworld, Caffeine"
        },
        {
            "skin_name" : "Espresso Wolf (Wild)",
            "skin_id" : "wolf_espresso_wild",
            "use_model" : "default",
            "author" : "MashXP",
            "tags": "Palette of Paws, Overworld, Caffeine"
        },
        {
            "skin_name" : "Espresso Wolf (Angry)",
            "skin_id" : "wolf_espresso_angry",
            "use_model" : "default",
            "author" : "MashXP",
            "tags": "Palette of Paws, Overworld, Caffeine"
        },

        {
            "skin_name" : "Bonito Flakes Wolf",
            "skin_id" : "wolf_bonito_flakes",
            "use_model" : "default",
            "author" : "MashXP",
            "tags": "Palette of Paws, Overworld"
        },
        {
            "skin_name" : "Bonito Flakes Wolf (Wild)",
            "skin_id" : "wolf_bonito_flakes_wild",
            "use_model" : "default",
            "author" : "MashXP",
            "tags": "Palette of Paws, Overworld"
        },
        {
            "skin_name" : "Bonito Flakes Wolf (Angry)",
            "skin_id" : "wolf_bonito_flakes_angry",
            "use_model" : "default",
            "author" : "MashXP",
            "tags": "Palette of Paws, Overworld"
        },
        
        {
            "skin_name" : "Walnut Wolf",
            "skin_id" : "wolf_walnut",
            "use_model" : "default",
            "author" : "MashXP",
            "tags": "Palette of Paws, Overworld"
        },
        {
            "skin_name" : "Walnut Wolf (Wild)",
            "skin_id" : "wolf_walnut_wild",
            "use_model" : "default",
            "author" : "MashXP",
            "tags": "Palette of Paws, Overworld"
        },
        {
            "skin_name" : "Walnut Wolf (Angry)",
            "skin_id" : "wolf_walnut_angry",
            "use_model" : "default",
            "author" : "MashXP",
            "tags": "Palette of Paws, Overworld"
        },

        {
            "skin_name" : "Kombu Wolf",
            "skin_id" : "wolf_kombu",
            "use_model" : "default",
            "author" : "MashXP",
            "tags": "Palette of Paws, Overworld"
        },
        {
            "skin_name" : "Kombu Wolf (Wild)",
            "skin_id" : "wolf_kombu_wild",
            "use_model" : "default",
            "author" : "MashXP",
            "tags": "Palette of Paws, Overworld"
        },
        {
            "skin_name" : "Kombu Wolf (Angry)",
            "skin_id" : "wolf_kombu_angry",
            "use_model" : "default",
            "author" : "MashXP",
            "tags": "Palette of Paws, Overworld"
        },

        {
            "skin_name" : "Icy Wolf",
            "skin_id" : "wolf_icy",
            "use_model" : "default",
            "author" : "MashXP",
            "tags": "Palette of Paws, Overworld"
        },
        {
            "skin_name" : "Icy Wolf (Wild)",
            "skin_id" : "wolf_icy_wild",
            "use_model" : "default",
            "author" : "MashXP",
            "tags": "Palette of Paws, Overworld"
        },
        {
            "skin_name" : "Icy Wolf (Angry)",
            "skin_id" : "wolf_icy_angry",
            "use_model" : "default",
            "author" : "MashXP",
            "tags": "Palette of Paws, Overworld"
        },

        {
            "skin_name" : "Frosty Wolf",
            "skin_id" : "wolf_frosty",
            "use_model" : "default",
            "author" : "MashXP",
            "tags": "Palette of Paws, Overworld"
        },
        {
            "skin_name" : "Frosty Wolf (Wild)",
            "skin_id" : "wolf_frosty_wild",
            "use_model" : "default",
            "author" : "MashXP",
            "tags": "Palette of Paws, Overworld"
        },
        {
            "skin_name" : "Frosty Wolf (Angry)",
            "skin_id" : "wolf_frosty_angry",
            "use_model" : "default",
            "author" : "MashXP",
            "tags": "Palette of Paws, Overworld"
        },

        {
            "skin_name" : "Platinum Wolf",
            "skin_id" : "wolf_platinum",
            "use_model" : "default",
            "author" : "MashXP",
            "tags": "Palette of Paws, Overworld"
        },
        {
            "skin_name" : "Platinum Wolf (Wild)",
            "skin_id" : "wolf_platinum_wild",
            "use_model" : "default",
            "author" : "MashXP",
            "tags": "Palette of Paws, Overworld"
        },
        {
            "skin_name" : "Platinum Wolf (Angry)",
            "skin_id" : "wolf_platinum_angry",
            "use_model" : "default",
            "author" : "MashXP",
            "tags": "Palette of Paws, Overworld"
        },

        {
            "skin_name" : "Silver Wolf",
            "skin_id" : "wolf_silver",
            "use_model" : "default",
            "author" : "MashXP",
            "tags": "Palette of Paws, Overworld"
        },
        {
            "skin_name" : "Silver Wolf (Wild)",
            "skin_id" : "wolf_silver_wild",
            "use_model" : "default",
            "author" : "MashXP",
            "tags": "Palette of Paws, Overworld"
        },
        {
            "skin_name" : "Silver Wolf (Angry)",
            "skin_id" : "wolf_silver_angry",
            "use_model" : "default",
            "author" : "MashXP",
            "tags": "Palette of Paws, Overworld"
        },

        {
            "skin_name" : "Sculk Wolf",
            "skin_id" : "wolf_sculk",
            "use_model" : "default",
            "author" : "MashXP",
            "tags": "Palette of Paws, Overworld"
        },
        {
            "skin_name" : "Sculk Wolf (Wild)",
            "skin_id" : "wolf_sculk_wild",
            "use_model" : "default",
            "author" : "MashXP",
            "tags": "Palette of Paws, Overworld"
        },
        {
            "skin_name" : "Sculk Wolf (Angry)",
            "skin_id" : "wolf_sculk_angry",
            "use_model" : "default",
            "author" : "MashXP",
            "tags": "Palette of Paws, Overworld"
        },

        {
            "skin_name" : "Brindle Wolf",
            "skin_id" : "wolf_brindle",
            "use_model" : "default",
            "author" : "MashXP",
            "tags": "Palette of Paws, Overworld"
        },
        {
            "skin_name" : "Brindle Wolf (Wild)",
            "skin_id" : "wolf_brindle_wild",
            "use_model" : "default",
            "author" : "MashXP",
            "tags": "Palette of Paws, Overworld"
        },
        {
            "skin_name" : "Brindle Wolf (Angry)",
            "skin_id" : "wolf_brindle_angry",
            "use_model" : "default",
            "author" : "MashXP",
            "tags": "Palette of Paws, Overworld"
        },

        {
            "skin_name" : "Muddy Wolf",
            "skin_id" : "wolf_muddy",
            "use_model" : "default",
            "author" : "MashXP",
            "tags": "Palette of Paws, Overworld"
        },
        {
            "skin_name" : "Muddy Wolf (Wild)",
            "skin_id" : "wolf_muddy_wild",
            "use_model" : "default",
            "author" : "MashXP",
            "tags": "Palette of Paws, Overworld"
        },
        {
            "skin_name" : "Muddy Wolf (Angry)",
            "skin_id" : "wolf_muddy_angry",
            "use_model" : "default",
            "author" : "MashXP",
            "tags": "Palette of Paws, Overworld"
        },

        {
            "skin_name" : "Root Beer Wolf",
            "skin_id" : "wolf_root_beer",
            "use_model" : "default",
            "author" : "MashXP",
            "tags": "Palette of Paws, Overworld"
        },
        {
            "skin_name" : "Root Beer Wolf (Wild)",
            "skin_id" : "wolf_root_beer_wild",
            "use_model" : "default",
            "author" : "MashXP",
            "tags": "Palette of Paws, Overworld"
        },
        {
            "skin_name" : "Root Beer Wolf (Angry)",
            "skin_id" : "wolf_root_beer_angry",
            "use_model" : "default",
            "author" : "MashXP",
            "tags": "Palette of Paws, Overworld"
        },

        {
            "skin_name" : "Sooty Wolf",
            "skin_id" : "wolf_sooty",
            "use_model" : "default",
            "author" : "MashXP",
            "tags": "Palette of Paws, Overworld"
        },
        {
            "skin_name" : "Sooty Wolf (Wild)",
            "skin_id" : "wolf_sooty_wild",
            "use_model" : "default",
            "author" : "MashXP",
            "tags": "Palette of Paws, Overworld"
        },
        {
            "skin_name" : "Sooty Wolf (Angry)",
            "skin_id" : "wolf_sooty_angry",
            "use_model" : "default",
            "author" : "MashXP",
            "tags": "Palette of Paws, Overworld"
        },






        {
            "skin_name" : "Prismarine Wolf",
            "skin_id" : "wolf_prismarine",
            "use_model" : "default",
            "author" : "MashXP",
            "tags": "Palette of Paws, Overworld, Ocean"
        },
        {
            "skin_name" : "Prismarine Wolf (Wild)",
            "skin_id" : "wolf_prismarine_wild",
            "use_model" : "default",
            "author" : "MashXP",
            "tags": "Palette of Paws, Overworld, Ocean"
        },
        {
            "skin_name" : "Prismarine Wolf (Angry)",
            "skin_id" : "wolf_prismarine_angry",
            "use_model" : "default",
            "author" : "MashXP",
            "tags": "Palette of Paws, Overworld, Ocean"
        },

        {
            "skin_name" : "Brain Coral Wolf",
            "skin_id" : "wolf_coral_brain",
            "use_model" : "default",
            "author" : "MashXP",
            "tags": "Palette of Paws, Overworld, Ocean"
        },
        {
            "skin_name" : "Brain Coral Wolf (Wild)",
            "skin_id" : "wolf_coral_brain_wild",
            "use_model" : "default",
            "author" : "MashXP",
            "tags": "Palette of Paws, Overworld, Ocean"
        },
        {
            "skin_name" : "Brain Coral Wolf (Angry)",
            "skin_id" : "wolf_coral_brain_angry",
            "use_model" : "default",
            "author" : "MashXP",
            "tags": "Palette of Paws, Overworld, Ocean"
        },

        {
            "skin_name" : "Horn Coral Wolf",
            "skin_id" : "wolf_coral_horn",
            "use_model" : "default",
            "author" : "MashXP",
            "tags": "Palette of Paws, Overworld, Ocean"
        },
        {
            "skin_name" : "Horn Coral Wolf (Wild)",
            "skin_id" : "wolf_coral_horn_wild",
            "use_model" : "default",
            "author" : "MashXP",
            "tags": "Palette of Paws, Overworld, Ocean"
        },
        {
            "skin_name" : "Horn Coral Wolf (Angry)",
            "skin_id" : "wolf_coral_horn_angry",
            "use_model" : "default",
            "author" : "MashXP",
            "tags": "Palette of Paws, Overworld, Ocean"
        },

        {
            "skin_name" : "Fire Coral Wolf",
            "skin_id" : "wolf_coral_fire",
            "use_model" : "default",
            "author" : "MashXP",
            "tags": "Palette of Paws, Overworld, Ocean"
        },
        {
            "skin_name" : "Fire Coral Wolf (Wild)",
            "skin_id" : "wolf_coral_fire_wild",
            "use_model" : "default",
            "author" : "MashXP",
            "tags": "Palette of Paws, Overworld, Ocean"
        },
        {
            "skin_name" : "Fire Coral Wolf (Angry)",
            "skin_id" : "wolf_coral_fire_angry",
            "use_model" : "default",
            "author" : "MashXP",
            "tags": "Palette of Paws, Overworld, Ocean"
        },

        {
            "skin_name" : "Tube Coral Wolf",
            "skin_id" : "wolf_coral_tube",
            "use_model" : "default",
            "author" : "MashXP",
            "tags": "Palette of Paws, Overworld, Ocean"
        },
        {
            "skin_name" : "Tube Coral Wolf (Wild)",
            "skin_id" : "wolf_coral_tube_wild",
            "use_model" : "default",
            "author" : "MashXP",
            "tags": "Palette of Paws, Overworld, Ocean"
        },
        {
            "skin_name" : "Tube Coral Wolf (Angry)",
            "skin_id" : "wolf_coral_tube_angry",
            "use_model" : "default",
            "author" : "MashXP",
            "tags": "Palette of Paws, Overworld, Ocean"
        },

        {
            "skin_name" : "Bubble Coral Wolf",
            "skin_id" : "wolf_coral_bubble",
            "use_model" : "default",
            "author" : "MashXP",
            "tags": "Palette of Paws, Overworld, Ocean"
        },
        {
            "skin_name" : "Bubble Coral Wolf (Wild)",
            "skin_id" : "wolf_coral_bubble_wild",
            "use_model" : "default",
            "author" : "MashXP",
            "tags": "Palette of Paws, Overworld, Ocean"
        },
        {
            "skin_name" : "Bubble Coral Wolf (Angry)",
            "skin_id" : "wolf_coral_bubble_angry",
            "use_model" : "default",
            "author" : "MashXP",
            "tags": "Palette of Paws, Overworld, Ocean"
        },

        {
            "skin_name" : "Hadal Wolf",
            "skin_id" : "wolf_hadal",
            "use_model" : "default",
            "author" : "MashXP",
            "tags": "Palette of Paws, Overworld"
        },
        {
            "skin_name" : "Hadal Wolf (Wild)",
            "skin_id" : "wolf_hadal_wild",
            "use_model" : "default",
            "author" : "MashXP",
            "tags": "Palette of Paws, Overworld"
        },
        {
            "skin_name" : "Hadal Wolf (Angry)",
            "skin_id" : "wolf_hadal_angry",
            "use_model" : "default",
            "author" : "MashXP",
            "tags": "Palette of Paws, Overworld"
        },

        










        {
            "skin_name" : "Crimson Wolf",
            "skin_id" : "wolf_crimson",
            "use_model" : "default",
            "author" : "MashXP",
            "tags": "Palette of Paws, Nether"
        },
        {
            "skin_name" : "Crimson Wolf (Wild)",
            "skin_id" : "wolf_crimson_wild",
            "use_model" : "default",
            "author" : "MashXP",
            "tags": "Palette of Paws, Nether"
        },
        {
            "skin_name" : "Crimson Wolf (Angry)",
            "skin_id" : "wolf_crimson_angry",
            "use_model" : "default",
            "author" : "MashXP",
            "tags": "Palette of Paws, Nether"
        },

        {
            "skin_name" : "Warped Wolf",
            "skin_id" : "wolf_warped",
            "use_model" : "default",
            "author" : "MashXP",
            "tags": "Palette of Paws, Nether"
        },
        {
            "skin_name" : "Warped Wolf (Wild)",
            "skin_id" : "wolf_warped_wild",
            "use_model" : "default",
            "author" : "MashXP",
            "tags": "Palette of Paws, Nether"
        },
        
        {
            "skin_name" : "Warped Wolf (Angry)",
            "skin_id" : "wolf_warped_angry",
            "use_model" : "default",
            "author" : "MashXP",
            "tags": "Palette of Paws, Nether"
        },

        {
            "skin_name" : "Molten Wolf",
            "skin_id" : "wolf_molten",
            "use_model" : "default",
            "author" : "MashXP",
            "tags": "Palette of Paws, Nether"
        },
        {
            "skin_name" : "Molten Wolf (Wild)",
            "skin_id" : "wolf_molten_wild",
            "use_model" : "default",
            "author" : "MashXP",
            "tags": "Palette of Paws, Nether"
        },
        {
            "skin_name" : "Molten Wolf (Angry)",
            "skin_id" : "wolf_molten_angry",
            "use_model" : "default",
            "author" : "MashXP",
            "tags": "Palette of Paws, Nether"
        },

        {
            "skin_name" : "Withered Soul Wolf",
            "skin_id" : "wolf_withered_soul",
            "use_model" : "default",
            "author" : "MashXP",
            "tags": "Palette of Paws, Nether"
        },
        {
            "skin_name" : "Withered Soul Wolf (Wild)",
            "skin_id" : "wolf_withered_soul_wild",
            "use_model" : "default",
            "author" : "MashXP",
            "tags": "Palette of Paws, Nether"
        },
        {
            "skin_name" : "Withered Soul Wolf (Angry)",
            "skin_id" : "wolf_withered_soul_angry",
            "use_model" : "default",
            "author" : "MashXP",
            "tags": "Palette of Paws, Nether"
        },

        {
            "skin_name" : "Desiccated Wolf",
            "skin_id" : "wolf_desiccated",
            "use_model" : "default",
            "author" : "MashXP",
            "tags": "Palette of Paws, Nether"
        },
        {
            "skin_name" : "Desiccated Wolf (Wild)",
            "skin_id" : "wolf_desiccated_wild",
            "use_model" : "default",
            "author" : "MashXP",
            "tags": "Palette of Paws, Nether"
        },
        {
            "skin_name" : "Desiccated Wolf (Angry)",
            "skin_id" : "wolf_desiccated_angry",
            "use_model" : "default",
            "author" : "MashXP",
            "tags": "Palette of Paws, Nether"
        },

        {
            "skin_name" : "Sanguine Wolf",
            "skin_id" : "wolf_sanguine",
            "use_model" : "default",
            "author" : "MashXP",
            "tags": "Palette of Paws, Nether"
        },
        {
            "skin_name" : "Sanguine Wolf (Wild)",
            "skin_id" : "wolf_sanguine_wild",
            "use_model" : "default",
            "author" : "MashXP",
            "tags": "Palette of Paws, Nether"
        },
        {
            "skin_name" : "Sanguine Wolf (Angry)",
            "skin_id" : "wolf_sanguine_angry",
            "use_model" : "default",
            "author" : "MashXP",
            "tags": "Palette of Paws, Nether"
        },

        {
            "skin_name" : "Wandering Soul Wolf",
            "skin_id" : "wolf_wandering_soul",
            "use_model" : "default",
            "author" : "MashXP",
            "tags": "Palette of Paws, Nether"
        },
        {
            "skin_name" : "Wandering Soul Wolf (Wild)",
            "skin_id" : "wolf_wandering_soul_wild",
            "use_model" : "default",
            "author" : "MashXP",
            "tags": "Palette of Paws, Nether"
        },
        {
            "skin_name" : "Wandering Soul Wolf (Angry)",
            "skin_id" : "wolf_wandering_soul_angry",
            "use_model" : "default",
            "author" : "MashXP",
            "tags": "Palette of Paws, Nether"
        },

        









        {
            "skin_name" : "Ender Wolf",
            "skin_id" : "wolf_ender",
            "use_model" : "default",
            "author" : "MashXP",
            "tags": "Palette of Paws, End"
        },
        {
            "skin_name" : "Ender Wolf (Wild)",
            "skin_id" : "wolf_ender_wild",
            "use_model" : "default",
            "author" : "MashXP",
            "tags": "Palette of Paws, End"
        },
        {
            "skin_name" : "Ender Wolf (Angry)",
            "skin_id" : "wolf_ender_angry",
            "use_model" : "default",
            "author" : "MashXP",
            "tags": "Palette of Paws, End"
        },

        {
            "skin_name" : "Chorus Wolf",
            "skin_id" : "wolf_chorus",
            "use_model" : "default",
            "author" : "MashXP",
            "tags": "Palette of Paws, End"
        },
        {
            "skin_name" : "Chorus Wolf (Wild)",
            "skin_id" : "wolf_chorus_wild",
            "use_model" : "default",
            "author" : "MashXP",
            "tags": "Palette of Paws, End"
        },
        {
            "skin_name" : "Chorus Wolf (Angry)",
            "skin_id" : "wolf_chorus_angry",
            "use_model" : "default",
            "author" : "MashXP",
            "tags": "Palette of Paws, End"
        },

        {
            "skin_name" : "Shulker Wolf",
            "skin_id" : "wolf_shulker",
            "use_model" : "default",
            "author" : "MashXP",
            "tags": "Palette of Paws, End"
        },
        {
            "skin_name" : "Shulker Wolf (Wild)",
            "skin_id" : "wolf_shulker_wild",
            "use_model" : "default",
            "author" : "MashXP",
            "tags": "Palette of Paws, End"
        },
        {
            "skin_name" : "Shulker Wolf (Angry)",
            "skin_id" : "wolf_shulker_angry",
            "use_model" : "default",
            "author" : "MashXP",
            "tags": "Palette of Paws, End"
        },

        








        
        {
            "skin_name" : "VSCode Wolf",
            "skin_id" : "wolf_vscode",
            "use_model" : "default",
            "author" : "MashXP",
            "tags": "Palette of Paws, Special"
        },
        {
            "skin_name" : "VSCode Wolf (Wild)",
            "skin_id" : "wolf_vscode_wild",
            "use_model" : "default",
            "author" : "MashXP",
            "tags": "Palette of Paws, Special"
        },
        {
            "skin_name" : "VSCode Wolf (Angry)",
            "skin_id" : "wolf_vscode_angry",
            "use_model" : "default",
            "author" : "MashXP",
            "tags": "Palette of Paws, Special"
        },

        {
            "skin_name" : "Light Mode VSCode Wolf",
            "skin_id" : "wolf_vscode_light",
            "use_model" : "default",
            "author" : "MashXP",
            "tags": "Palette of Paws, Special"
        },
        {
            "skin_name" : "Light Mode VSCode Wolf (Wild)",
            "skin_id" : "wolf_vscode_light_wild",
            "use_model" : "default",
            "author" : "MashXP",
            "tags": "Palette of Paws, Special"
        },
        {
            "skin_name" : "Light Mode VSCode Wolf (Angry)",
            "skin_id" : "wolf_vscode_light_angry",
            "use_model" : "default",
            "author" : "MashXP",
            "tags": "Palette of Paws, Special"
        },

        {
            "skin_name" : "Smooth Guacamole Wolf",
            "skin_id" : "wolf_guacamole_smooth",
            "use_model" : "default",
            "author" : "MashXP",
            "tags": "Palette of Paws, Special"
        },
        {
            "skin_name" : "Smooth Guacamole Wolf (Wild)",
            "skin_id" : "wolf_guacamole_smooth_wild",
            "use_model" : "default",
            "author" : "MashXP",
            "tags": "Palette of Paws, Special"
        },
        {
            "skin_name" : "Smooth Guacamole Wolf (Angry)",
            "skin_id" : "wolf_guacamole_smooth_angry",
            "use_model" : "default",
            "author" : "MashXP",
            "tags": "Palette of Paws, Special"
        }
    ]
}